1,Burk,Miquelet,bmiquelet0@independent.co.uk,1995-07-04,226-19-9683
2,Cornelius,Seabrocke,cseabrocke1@list-manage.com,1999-02-07,878-76-5282
3,Hester,Hitzke,hhitzke2@sina.com.cn,1983-04-23,764-80-2796
4,Bernie,Dowker,bdowker3@ehow.com,1992-07-04,806-60-4052
5,Coral,Fidock,cfidock4@twitpic.com,1992-08-03,777-89-7591
6,Dun,Mountney,dmountney5@marriott.com,1985-12-22,448-94-9133
7,Gayel,Costen,gcosten6@pagesperso-orange.fr,1980-06-25,717-19-0166
8,Lou,Yankishin,lyankishin7@hugedomains.com,1990-04-18,692-94-9613
9,Stanly,Birwhistle,sbirwhistle8@goodreads.com,1989-07-24,667-83-7753
10,Cullan,Saddington,csaddington9@constantcontact.com,1993-07-14,655-11-3088
11,Eilis,Middis,emiddisa@gnu.org,1982-01-18,443-96-6358
12,Jelene,Furbank,jfurbankb@diigo.com,1988-06-24,404-16-0413
13,Kristyn,Isard,kisardc@goo.ne.jp,1999-11-02,152-53-6553
14,Rosabel,Sabattier,rsabattierd@cdc.gov,2000-03-20,837-79-4287
15,Nat,Moiser,nmoisere@microsoft.com,1995-09-29,390-77-5639
16,Stephana,Swalough,sswaloughf@i2i.jp,1983-10-12,229-85-7707
17,Dolly,Kehir,dkehirg@shinystat.com,1991-08-17,811-09-0396
18,Theresa,Yanele,tyaneleh@mayoclinic.com,1990-02-14,120-49-1918
19,Katti,Howland,khowlandi@fda.gov,1990-11-15,703-75-7953
20,Marleah,Sturges,msturgesj@hp.com,1997-10-07,669-33-3841
21,Amata,Sibley,asibleyk@china.com.cn,1999-01-17,650-62-6218
22,Niccolo,Jelley,njelleyl@myspace.com,1999-01-06,313-30-0217
23,Belita,Plumer,bplumerm@e-recht24.de,1998-02-05,450-87-7247
24,Cleveland,Ghest,cghestn@purevolume.com,1990-06-10,174-92-1550
25,Claresta,Parkman,cparkmano@jimdo.com,1998-02-02,487-41-7400
26,Locke,Trevett,ltrevettp@desdev.cn,1985-03-10,746-34-7667
27,Nicol,Brigge,nbriggeq@cbslocal.com,1987-06-18,341-97-7133
28,Rosemonde,Somersett,rsomersettr@japanpost.jp,1986-04-25,616-04-4914
29,Klemens,Radenhurst,kradenhursts@nps.gov,1991-07-08,802-53-1624
30,Wake,Scawton,wscawtont@drupal.org,1996-12-23,634-39-0157
